reference,distorted,dmos
reference/1600.png,awgn/1600.AWGN.1.png,0.062
reference/1600.png,awgn/1600.AWGN.2.png,0.206
reference/1600.png,awgn/1600.AWGN.3.png,0.262
reference/1600.png,awgn/1600.AWGN.4.png,0.375
reference/1600.png,awgn/1600.AWGN.5.png,0.467
reference/1600.png,jpeg/1600.JPEG.1.png,0.013
reference/1600.png,jpeg/1600.JPEG.2.png,0.069
reference/1600.png,jpeg/1600.JPEG.3.png,0.197
reference/1600.png,jpeg/1600.JPEG.4.png,0.501
reference/1600.png,jpeg/1600.JPEG.5.png,0.687
reference/1600.png,jpeg2000/1600.jpeg2000.1.png,0.012
reference/1600.png,jpeg2000/1600.jpeg2000.2.png,0.135
reference/1600.png,jpeg2000/1600.jpeg2000.3.png,0.364
reference/1600.png,jpeg2000/1600.jpeg2000.4.png,0.576
reference/1600.png,jpeg2000/1600.jpeg2000.5.png,0.827
reference/1600.png,fnoise/1600.fnoise.1.png,0.052
reference/1600.png,fnoise/1600.fnoise.2.png,0.253
reference/1600.png,fnoise/1600.fnoise.3.png,0.376
reference/1600.png,fnoise/1600.fnoise.4.png,0.490
reference/1600.png,fnoise/1600.fnoise.5.png,0.565
reference/1600.png,blur/1600.BLUR.1.png,0.043
reference/1600.png,blur/1600.BLUR.2.png,0.142
reference/1600.png,blur/1600.BLUR.3.png,0.341
reference/1600.png,blur/1600.BLUR.4.png,0.471
reference/1600.png,blur/1600.BLUR.5.png,0.750
reference/1600.png,contrast/1600.contrast.1.png,0.056
reference/1600.png,contrast/1600.contrast.2.png,0.201
reference/1600.png,contrast/1600.contrast.3.png,0.310
reference/1600.png,contrast/1600.contrast.4.png,0.371
reference/aerial_city.png,awgn/aerial_city.AWGN.1.png,0.032
reference/aerial_city.png,awgn/aerial_city.AWGN.2.png,0.125
reference/aerial_city.png,awgn/aerial_city.AWGN.3.png,0.245
reference/aerial_city.png,awgn/aerial_city.AWGN.4.png,0.373
reference/aerial_city.png,awgn/aerial_city.AWGN.5.png,0.501
reference/aerial_city.png,jpeg/aerial_city.JPEG.1.png,0.030
reference/aerial_city.png,jpeg/aerial_city.JPEG.2.png,0.065
reference/aerial_city.png,jpeg/aerial_city.JPEG.3.png,0.389
reference/aerial_city.png,jpeg/aerial_city.JPEG.4.png,0.607
reference/aerial_city.png,jpeg/aerial_city.JPEG.5.png,0.819
reference/aerial_city.png,jpeg2000/aerial_city.jpeg2000.1.png,0.027
reference/aerial_city.png,jpeg2000/aerial_city.jpeg2000.2.png,0.191
reference/aerial_city.png,jpeg2000/aerial_city.jpeg2000.3.png,0.486
reference/aerial_city.png,jpeg2000/aerial_city.jpeg2000.4.png,0.754
reference/aerial_city.png,jpeg2000/aerial_city.jpeg2000.5.png,0.956
reference/aerial_city.png,fnoise/aerial_city.fnoise.1.png,0.126
reference/aerial_city.png,fnoise/aerial_city.fnoise.2.png,0.319
reference/aerial_city.png,fnoise/aerial_city.fnoise.3.png,0.475
reference/aerial_city.png,fnoise/aerial_city.fnoise.4.png,0.601
reference/aerial_city.png,fnoise/aerial_city.fnoise.5.png,0.708
reference/aerial_city.png,blur/aerial_city.BLUR.1.png,0.025
reference/aerial_city.png,blur/aerial_city.BLUR.2.png,0.114
reference/aerial_city.png,blur/aerial_city.BLUR.3.png,0.259
reference/aerial_city.png,blur/aerial_city.BLUR.4.png,0.464
reference/aerial_city.png,blur/aerial_city.BLUR.5.png,0.896
reference/aerial_city.png,contrast/aerial_city.contrast.1.png,0.038
reference/aerial_city.png,contrast/aerial_city.contrast.2.png,0.163
reference/aerial_city.png,contrast/aerial_city.contrast.3.png,0.367
reference/aerial_city.png,contrast/aerial_city.contrast.4.png,0.453
reference/boston.png,awgn/boston.AWGN.1.png,0.029
reference/boston.png,awgn/boston.AWGN.2.png,0.081
reference/boston.png,awgn/boston.AWGN.3.png,0.215
reference/boston.png,awgn/boston.AWGN.4.png,0.383
reference/boston.png,awgn/boston.AWGN.5.png,0.472
reference/boston.png,jpeg/boston.JPEG.1.png,0.000
reference/boston.png,jpeg/boston.JPEG.2.png,0.050
reference/boston.png,jpeg/boston.JPEG.3.png,0.328
reference/boston.png,jpeg/boston.JPEG.4.png,0.737
reference/boston.png,jpeg/boston.JPEG.5.png,0.832
reference/boston.png,jpeg2000/boston.jpeg2000.1.png,0.000
reference/boston.png,jpeg2000/boston.jpeg2000.2.png,0.118
reference/boston.png,jpeg2000/boston.jpeg2000.3.png,0.389
reference/boston.png,jpeg2000/boston.jpeg2000.4.png,0.697
reference/boston.png,jpeg2000/boston.jpeg2000.5.png,0.904
reference/boston.png,fnoise/boston.fnoise.1.png,0.068
reference/boston.png,fnoise/boston.fnoise.2.png,0.243
reference/boston.png,fnoise/boston.fnoise.3.png,0.498
reference/boston.png,fnoise/boston.fnoise.4.png,0.620
reference/boston.png,fnoise/boston.fnoise.5.png,0.724
reference/boston.png,blur/boston.BLUR.1.png,0.083
reference/boston.png,blur/boston.BLUR.2.png,0.216
reference/boston.png,blur/boston.BLUR.3.png,0.363
reference/boston.png,blur/boston.BLUR.4.png,0.571
reference/boston.png,blur/boston.BLUR.5.png,0.913
reference/boston.png,contrast/boston.contrast.1.png,0.117
reference/boston.png,contrast/boston.contrast.2.png,0.339
reference/boston.png,contrast/boston.contrast.3.png,0.605
reference/boston.png,contrast/boston.contrast.4.png,0.690
reference/bridge.png,awgn/bridge.AWGN.1.png,0.028
reference/bridge.png,awgn/bridge.AWGN.2.png,0.088
reference/bridge.png,awgn/bridge.AWGN.3.png,0.252
reference/bridge.png,awgn/bridge.AWGN.4.png,0.409
reference/bridge.png,awgn/bridge.AWGN.5.png,0.517
reference/bridge.png,jpeg/bridge.JPEG.1.png,0.037
reference/bridge.png,jpeg/bridge.JPEG.2.png,0.076
reference/bridge.png,jpeg/bridge.JPEG.3.png,0.273
reference/bridge.png,jpeg/bridge.JPEG.4.png,0.743
reference/bridge.png,jpeg/bridge.JPEG.5.png,0.816
reference/bridge.png,jpeg2000/bridge.jpeg2000.1.png,0.038
reference/bridge.png,jpeg2000/bridge.jpeg2000.2.png,0.203
reference/bridge.png,jpeg2000/bridge.jpeg2000.3.png,0.409
reference/bridge.png,jpeg2000/bridge.jpeg2000.4.png,0.651
reference/bridge.png,jpeg2000/bridge.jpeg2000.5.png,0.825
reference/bridge.png,fnoise/bridge.fnoise.1.png,0.051
reference/bridge.png,fnoise/bridge.fnoise.2.png,0.293
reference/bridge.png,fnoise/bridge.fnoise.3.png,0.429
reference/bridge.png,fnoise/bridge.fnoise.4.png,0.595
reference/bridge.png,fnoise/bridge.fnoise.5.png,0.697
reference/bridge.png,blur/bridge.BLUR.1.png,0.061
reference/bridge.png,blur/bridge.BLUR.2.png,0.182
reference/bridge.png,blur/bridge.BLUR.3.png,0.348
reference/bridge.png,blur/bridge.BLUR.4.png,0.636
reference/bridge.png,blur/bridge.BLUR.5.png,0.777
reference/bridge.png,contrast/bridge.contrast.1.png,0.036
reference/bridge.png,contrast/bridge.contrast.2.png,0.139
reference/bridge.png,contrast/bridge.contrast.3.png,0.345
reference/bridge.png,contrast/bridge.contrast.4.png,0.458
reference/butter_flower.png,awgn/butter_flower.AWGN.1.png,0.027
reference/butter_flower.png,awgn/butter_flower.AWGN.2.png,0.089
reference/butter_flower.png,awgn/butter_flower.AWGN.3.png,0.252
reference/butter_flower.png,awgn/butter_flower.AWGN.4.png,0.435
reference/butter_flower.png,awgn/butter_flower.AWGN.5.png,0.545
reference/butter_flower.png,jpeg/butter_flower.JPEG.1.png,0.023
reference/butter_flower.png,jpeg/butter_flower.JPEG.2.png,0.031
reference/butter_flower.png,jpeg/butter_flower.JPEG.3.png,0.410
reference/butter_flower.png,jpeg/butter_flower.JPEG.4.png,0.699
reference/butter_flower.png,jpeg/butter_flower.JPEG.5.png,0.808
reference/butter_flower.png,jpeg2000/butter_flower.jpeg2000.1.png,0.028
reference/butter_flower.png,jpeg2000/butter_flower.jpeg2000.2.png,0.143
reference/butter_flower.png,jpeg2000/butter_flower.jpeg2000.3.png,0.460
reference/butter_flower.png,jpeg2000/butter_flower.jpeg2000.4.png,0.779
reference/butter_flower.png,jpeg2000/butter_flower.jpeg2000.5.png,0.926
reference/butter_flower.png,fnoise/butter_flower.fnoise.1.png,0.028
reference/butter_flower.png,fnoise/butter_flower.fnoise.2.png,0.195
reference/butter_flower.png,fnoise/butter_flower.fnoise.3.png,0.382
reference/butter_flower.png,fnoise/butter_flower.fnoise.4.png,0.549
reference/butter_flower.png,fnoise/butter_flower.fnoise.5.png,0.727
reference/butter_flower.png,blur/butter_flower.BLUR.1.png,0.078
reference/butter_flower.png,blur/butter_flower.BLUR.2.png,0.202
reference/butter_flower.png,blur/butter_flower.BLUR.3.png,0.482
reference/butter_flower.png,blur/butter_flower.BLUR.4.png,0.779
reference/butter_flower.png,blur/butter_flower.BLUR.5.png,0.953
reference/butter_flower.png,contrast/butter_flower.contrast.1.png,0.070
reference/butter_flower.png,contrast/butter_flower.contrast.2.png,0.256
reference/butter_flower.png,contrast/butter_flower.contrast.3.png,0.515
reference/butter_flower.png,contrast/butter_flower.contrast.4.png,0.615
reference/cactus.png,awgn/cactus.AWGN.1.png,0.104
reference/cactus.png,awgn/cactus.AWGN.2.png,0.206
reference/cactus.png,awgn/cactus.AWGN.3.png,0.349
reference/cactus.png,awgn/cactus.AWGN.4.png,0.439
reference/cactus.png,awgn/cactus.AWGN.5.png,0.498
reference/cactus.png,jpeg/cactus.JPEG.1.png,0.041
reference/cactus.png,jpeg/cactus.JPEG.2.png,0.160
reference/cactus.png,jpeg/cactus.JPEG.3.png,0.378
reference/cactus.png,jpeg/cactus.JPEG.4.png,0.704
reference/cactus.png,jpeg/cactus.JPEG.5.png,0.812
reference/cactus.png,jpeg2000/cactus.jpeg2000.1.png,0.079
reference/cactus.png,jpeg2000/cactus.jpeg2000.2.png,0.209
reference/cactus.png,jpeg2000/cactus.jpeg2000.3.png,0.405
reference/cactus.png,jpeg2000/cactus.jpeg2000.4.png,0.639
reference/cactus.png,jpeg2000/cactus.jpeg2000.5.png,0.785
reference/cactus.png,fnoise/cactus.fnoise.1.png,0.222
reference/cactus.png,fnoise/cactus.fnoise.2.png,0.325
reference/cactus.png,fnoise/cactus.fnoise.3.png,0.503
reference/cactus.png,fnoise/cactus.fnoise.4.png,0.595
reference/cactus.png,fnoise/cactus.fnoise.5.png,0.667
reference/cactus.png,blur/cactus.BLUR.1.png,0.067
reference/cactus.png,blur/cactus.BLUR.2.png,0.147
reference/cactus.png,blur/cactus.BLUR.3.png,0.399
reference/cactus.png,blur/cactus.BLUR.4.png,0.508
reference/cactus.png,blur/cactus.BLUR.5.png,0.750
reference/cactus.png,contrast/cactus.contrast.1.png,0.111
reference/cactus.png,contrast/cactus.contrast.2.png,0.285
reference/cactus.png,contrast/cactus.contrast.3.png,0.408
reference/cactus.png,contrast/cactus.contrast.4.png,0.517
reference/child_swimming.png,awgn/child_swimming.AWGN.1.png,0.028
reference/child_swimming.png,awgn/child_swimming.AWGN.2.png,0.120
reference/child_swimming.png,awgn/child_swimming.AWGN.3.png,0.272
reference/child_swimming.png,awgn/child_swimming.AWGN.4.png,0.413
reference/child_swimming.png,awgn/child_swimming.AWGN.5.png,0.489
reference/child_swimming.png,jpeg/child_swimming.JPEG.1.png,0.029
reference/child_swimming.png,jpeg/child_swimming.JPEG.2.png,0.030
reference/child_swimming.png,jpeg/child_swimming.JPEG.3.png,0.236
reference/child_swimming.png,jpeg/child_swimming.JPEG.4.png,0.514
reference/child_swimming.png,jpeg/child_swimming.JPEG.5.png,0.696
reference/child_swimming.png,jpeg2000/child_swimming.jpeg2000.1.png,0.029
reference/child_swimming.png,jpeg2000/child_swimming.jpeg2000.2.png,0.043
reference/child_swimming.png,jpeg2000/child_swimming.jpeg2000.3.png,0.323
reference/child_swimming.png,jpeg2000/child_swimming.jpeg2000.4.png,0.547
reference/child_swimming.png,jpeg2000/child_swimming.jpeg2000.5.png,0.766
reference/child_swimming.png,fnoise/child_swimming.fnoise.1.png,0.032
reference/child_swimming.png,fnoise/child_swimming.fnoise.2.png,0.226
reference/child_swimming.png,fnoise/child_swimming.fnoise.3.png,0.376
reference/child_swimming.png,fnoise/child_swimming.fnoise.4.png,0.570
reference/child_swimming.png,fnoise/child_swimming.fnoise.5.png,0.699
reference/child_swimming.png,blur/child_swimming.BLUR.1.png,0.032
reference/child_swimming.png,blur/child_swimming.BLUR.2.png,0.187
reference/child_swimming.png,blur/child_swimming.BLUR.3.png,0.290
reference/child_swimming.png,blur/child_swimming.BLUR.4.png,0.485
reference/child_swimming.png,blur/child_swimming.BLUR.5.png,0.758
reference/child_swimming.png,contrast/child_swimming.contrast.1.png,0.143
reference/child_swimming.png,contrast/child_swimming.contrast.2.png,0.289
reference/child_swimming.png,contrast/child_swimming.contrast.3.png,0.554
reference/child_swimming.png,contrast/child_swimming.contrast.4.png,0.565
reference/couple.png,awgn/couple.AWGN.1.png,0.006
reference/couple.png,awgn/couple.AWGN.2.png,0.109
reference/couple.png,awgn/couple.AWGN.3.png,0.204
reference/couple.png,awgn/couple.AWGN.4.png,0.325
reference/couple.png,awgn/couple.AWGN.5.png,0.470
reference/couple.png,jpeg/couple.JPEG.1.png,0.002
reference/couple.png,jpeg/couple.JPEG.2.png,0.034
reference/couple.png,jpeg/couple.JPEG.3.png,0.258
reference/couple.png,jpeg/couple.JPEG.4.png,0.586
reference/couple.png,jpeg/couple.JPEG.5.png,0.724
reference/couple.png,jpeg2000/couple.jpeg2000.1.png,0.002
reference/couple.png,jpeg2000/couple.jpeg2000.2.png,0.073
reference/couple.png,jpeg2000/couple.jpeg2000.3.png,0.386
reference/couple.png,jpeg2000/couple.jpeg2000.4.png,0.631
reference/couple.png,jpeg2000/couple.jpeg2000.5.png,0.805
reference/couple.png,fnoise/couple.fnoise.1.png,0.012
reference/couple.png,fnoise/couple.fnoise.2.png,0.089
reference/couple.png,fnoise/couple.fnoise.3.png,0.265
reference/couple.png,fnoise/couple.fnoise.4.png,0.467
reference/couple.png,fnoise/couple.fnoise.5.png,0.639
reference/couple.png,blur/couple.BLUR.1.png,0.047
reference/couple.png,blur/couple.BLUR.2.png,0.249
reference/couple.png,blur/couple.BLUR.3.png,0.408
reference/couple.png,blur/couple.BLUR.4.png,0.589
reference/couple.png,blur/couple.BLUR.5.png,0.785
reference/couple.png,contrast/couple.contrast.1.png,0.097
reference/couple.png,contrast/couple.contrast.2.png,0.210
reference/couple.png,contrast/couple.contrast.3.png,0.352
reference/couple.png,contrast/couple.contrast.4.png,0.417
reference/elk.png,awgn/elk.AWGN.1.png,0.033
reference/elk.png,awgn/elk.AWGN.2.png,0.065
reference/elk.png,awgn/elk.AWGN.3.png,0.172
reference/elk.png,awgn/elk.AWGN.4.png,0.237
reference/elk.png,awgn/elk.AWGN.5.png,0.358
reference/elk.png,jpeg/elk.JPEG.1.png,0.032
reference/elk.png,jpeg/elk.JPEG.2.png,0.068
reference/elk.png,jpeg/elk.JPEG.3.png,0.220
reference/elk.png,jpeg/elk.JPEG.4.png,0.550
reference/elk.png,jpeg/elk.JPEG.5.png,0.710
reference/elk.png,jpeg2000/elk.jpeg2000.1.png,0.027
reference/elk.png,jpeg2000/elk.jpeg2000.2.png,0.074
reference/elk.png,jpeg2000/elk.jpeg2000.3.png,0.245
reference/elk.png,jpeg2000/elk.jpeg2000.4.png,0.546
reference/elk.png,jpeg2000/elk.jpeg2000.5.png,0.811
reference/elk.png,fnoise/elk.fnoise.1.png,0.046
reference/elk.png,fnoise/elk.fnoise.2.png,0.247
reference/elk.png,fnoise/elk.fnoise.3.png,0.371
reference/elk.png,fnoise/elk.fnoise.4.png,0.484
reference/elk.png,fnoise/elk.fnoise.5.png,0.645
reference/elk.png,blur/elk.BLUR.1.png,0.044
reference/elk.png,blur/elk.BLUR.2.png,0.122
reference/elk.png,blur/elk.BLUR.3.png,0.247
reference/elk.png,blur/elk.BLUR.4.png,0.405
reference/elk.png,blur/elk.BLUR.5.png,0.763
reference/elk.png,contrast/elk.contrast.1.png,0.076
reference/elk.png,contrast/elk.contrast.2.png,0.200
reference/elk.png,contrast/elk.contrast.3.png,0.399
reference/family.png,awgn/family.AWGN.1.png,0.088
reference/family.png,awgn/family.AWGN.2.png,0.150
reference/family.png,awgn/family.AWGN.3.png,0.275
reference/family.png,awgn/family.AWGN.4.png,0.375
reference/family.png,awgn/family.AWGN.5.png,0.480
reference/family.png,jpeg/family.JPEG.1.png,0.022
reference/family.png,jpeg/family.JPEG.2.png,0.134
reference/family.png,jpeg/family.JPEG.3.png,0.647
reference/family.png,jpeg/family.JPEG.4.png,0.762
reference/family.png,jpeg/family.JPEG.5.png,0.846
reference/family.png,jpeg2000/family.jpeg2000.1.png,0.044
reference/family.png,jpeg2000/family.jpeg2000.2.png,0.238
reference/family.png,jpeg2000/family.jpeg2000.3.png,0.559
reference/family.png,jpeg2000/family.jpeg2000.4.png,0.762
reference/family.png,jpeg2000/family.jpeg2000.5.png,0.977
reference/family.png,fnoise/family.fnoise.1.png,0.170
reference/family.png,fnoise/family.fnoise.2.png,0.272
reference/family.png,fnoise/family.fnoise.3.png,0.448
reference/family.png,fnoise/family.fnoise.4.png,0.569
reference/family.png,fnoise/family.fnoise.5.png,0.681
reference/family.png,blur/family.BLUR.1.png,0.037
reference/family.png,blur/family.BLUR.2.png,0.149
reference/family.png,blur/family.BLUR.3.png,0.262
reference/family.png,blur/family.BLUR.4.png,0.538
reference/family.png,blur/family.BLUR.5.png,0.856
reference/family.png,contrast/family.contrast.1.png,0.027
reference/family.png,contrast/family.contrast.2.png,0.145
reference/family.png,contrast/family.contrast.3.png,0.280
reference/family.png,contrast/family.contrast.4.png,0.379
reference/fisher.png,awgn/fisher.AWGN.1.png,0.052
reference/fisher.png,awgn/fisher.AWGN.2.png,0.130
reference/fisher.png,awgn/fisher.AWGN.3.png,0.216
reference/fisher.png,awgn/fisher.AWGN.4.png,0.312
reference/fisher.png,awgn/fisher.AWGN.5.png,0.440
reference/fisher.png,jpeg/fisher.JPEG.1.png,0.008
reference/fisher.png,jpeg/fisher.JPEG.2.png,0.180
reference/fisher.png,jpeg/fisher.JPEG.3.png,0.518
reference/fisher.png,jpeg/fisher.JPEG.4.png,0.725
reference/fisher.png,jpeg/fisher.JPEG.5.png,0.791
reference/fisher.png,jpeg2000/fisher.jpeg2000.1.png,0.008
reference/fisher.png,jpeg2000/fisher.jpeg2000.2.png,0.176
reference/fisher.png,jpeg2000/fisher.jpeg2000.3.png,0.518
reference/fisher.png,jpeg2000/fisher.jpeg2000.4.png,0.808
reference/fisher.png,jpeg2000/fisher.jpeg2000.5.png,0.972
reference/fisher.png,fnoise/fisher.fnoise.1.png,0.066
reference/fisher.png,fnoise/fisher.fnoise.2.png,0.270
reference/fisher.png,fnoise/fisher.fnoise.3.png,0.403
reference/fisher.png,fnoise/fisher.fnoise.4.png,0.487
reference/fisher.png,fnoise/fisher.fnoise.5.png,0.607
reference/fisher.png,blur/fisher.BLUR.1.png,0.056
reference/fisher.png,blur/fisher.BLUR.2.png,0.361
reference/fisher.png,blur/fisher.BLUR.3.png,0.583
reference/fisher.png,blur/fisher.BLUR.4.png,0.800
reference/fisher.png,blur/fisher.BLUR.5.png,0.913
reference/fisher.png,contrast/fisher.contrast.1.png,0.090
reference/fisher.png,contrast/fisher.contrast.2.png,0.212
reference/fisher.png,contrast/fisher.contrast.3.png,0.342
reference/fisher.png,contrast/fisher.contrast.4.png,0.389
reference/foxy.png,awgn/foxy.AWGN.1.png,0.014
reference/foxy.png,awgn/foxy.AWGN.2.png,0.064
reference/foxy.png,awgn/foxy.AWGN.3.png,0.136
reference/foxy.png,awgn/foxy.AWGN.4.png,0.250
reference/foxy.png,awgn/foxy.AWGN.5.png,0.381
reference/foxy.png,jpeg/foxy.JPEG.1.png,0.016
reference/foxy.png,jpeg/foxy.JPEG.2.png,0.075
reference/foxy.png,jpeg/foxy.JPEG.3.png,0.154
reference/foxy.png,jpeg/foxy.JPEG.4.png,0.322
reference/foxy.png,jpeg/foxy.JPEG.5.png,0.551
reference/foxy.png,jpeg2000/foxy.jpeg2000.1.png,0.015
reference/foxy.png,jpeg2000/foxy.jpeg2000.2.png,0.056
reference/foxy.png,jpeg2000/foxy.jpeg2000.3.png,0.179
reference/foxy.png,jpeg2000/foxy.jpeg2000.4.png,0.379
reference/foxy.png,jpeg2000/foxy.jpeg2000.5.png,0.609
reference/foxy.png,fnoise/foxy.fnoise.1.png,0.023
reference/foxy.png,fnoise/foxy.fnoise.2.png,0.092
reference/foxy.png,fnoise/foxy.fnoise.3.png,0.333
reference/foxy.png,fnoise/foxy.fnoise.4.png,0.401
reference/foxy.png,fnoise/foxy.fnoise.5.png,0.576
reference/foxy.png,blur/foxy.BLUR.1.png,0.016
reference/foxy.png,blur/foxy.BLUR.2.png,0.110
reference/foxy.png,blur/foxy.BLUR.3.png,0.180
reference/foxy.png,blur/foxy.BLUR.4.png,0.290
reference/foxy.png,blur/foxy.BLUR.5.png,0.442
reference/foxy.png,contrast/foxy.contrast.1.png,0.047
reference/foxy.png,contrast/foxy.contrast.2.png,0.183
reference/foxy.png,contrast/foxy.contrast.3.png,0.356
reference/foxy.png,contrast/foxy.contrast.4.png,0.470
reference/geckos.png,awgn/geckos.AWGN.1.png,0.029
reference/geckos.png,awgn/geckos.AWGN.2.png,0.060
reference/geckos.png,awgn/geckos.AWGN.3.png,0.117
reference/geckos.png,awgn/geckos.AWGN.4.png,0.202
reference/geckos.png,awgn/geckos.AWGN.5.png,0.336
reference/geckos.png,jpeg/geckos.JPEG.1.png,0.022
reference/geckos.png,jpeg/geckos.JPEG.2.png,0.047
reference/geckos.png,jpeg/geckos.JPEG.3.png,0.135
reference/geckos.png,jpeg/geckos.JPEG.4.png,0.463
reference/geckos.png,jpeg/geckos.JPEG.5.png,0.734
reference/geckos.png,jpeg2000/geckos.jpeg2000.1.png,0.022
reference/geckos.png,jpeg2000/geckos.jpeg2000.2.png,0.044
reference/geckos.png,jpeg2000/geckos.jpeg2000.3.png,0.170
reference/geckos.png,jpeg2000/geckos.jpeg2000.4.png,0.377
reference/geckos.png,jpeg2000/geckos.jpeg2000.5.png,0.617
reference/geckos.png,fnoise/geckos.fnoise.1.png,0.004
reference/geckos.png,fnoise/geckos.fnoise.2.png,0.190
reference/geckos.png,fnoise/geckos.fnoise.3.png,0.338
reference/geckos.png,fnoise/geckos.fnoise.4.png,0.451
reference/geckos.png,fnoise/geckos.fnoise.5.png,0.610
reference/geckos.png,blur/geckos.BLUR.1.png,0.013
reference/geckos.png,blur/geckos.BLUR.2.png,0.068
reference/geckos.png,blur/geckos.BLUR.3.png,0.231
reference/geckos.png,blur/geckos.BLUR.4.png,0.341
reference/geckos.png,blur/geckos.BLUR.5.png,0.570
reference/geckos.png,contrast/geckos.contrast.1.png,0.105
reference/geckos.png,contrast/geckos.contrast.2.png,0.239
reference/geckos.png,contrast/geckos.contrast.3.png,0.452
reference/lady_liberty.png,awgn/lady_liberty.AWGN.1.png,0.032
reference/lady_liberty.png,awgn/lady_liberty.AWGN.2.png,0.151
reference/lady_liberty.png,awgn/lady_liberty.AWGN.3.png,0.255
reference/lady_liberty.png,awgn/lady_liberty.AWGN.4.png,0.384
reference/lady_liberty.png,awgn/lady_liberty.AWGN.5.png,0.487
reference/lady_liberty.png,jpeg/lady_liberty.JPEG.1.png,0.017
reference/lady_liberty.png,jpeg/lady_liberty.JPEG.2.png,0.274
reference/lady_liberty.png,jpeg/lady_liberty.JPEG.3.png,0.532
reference/lady_liberty.png,jpeg/lady_liberty.JPEG.4.png,0.655
reference/lady_liberty.png,jpeg/lady_liberty.JPEG.5.png,0.770
reference/lady_liberty.png,jpeg2000/lady_liberty.jpeg2000.1.png,0.031
reference/lady_liberty.png,jpeg2000/lady_liberty.jpeg2000.2.png,0.267
reference/lady_liberty.png,jpeg2000/lady_liberty.jpeg2000.3.png,0.509
reference/lady_liberty.png,jpeg2000/lady_liberty.jpeg2000.4.png,0.763
reference/lady_liberty.png,jpeg2000/lady_liberty.jpeg2000.5.png,0.907
reference/lady_liberty.png,fnoise/lady_liberty.fnoise.1.png,0.032
reference/lady_liberty.png,fnoise/lady_liberty.fnoise.2.png,0.193
reference/lady_liberty.png,fnoise/lady_liberty.fnoise.3.png,0.352
reference/lady_liberty.png,fnoise/lady_liberty.fnoise.4.png,0.505
reference/lady_liberty.png,fnoise/lady_liberty.fnoise.5.png,0.642
reference/lady_liberty.png,blur/lady_liberty.BLUR.1.png,0.059
reference/lady_liberty.png,blur/lady_liberty.BLUR.2.png,0.227
reference/lady_liberty.png,blur/lady_liberty.BLUR.3.png,0.462
reference/lady_liberty.png,blur/lady_liberty.BLUR.4.png,0.673
reference/lady_liberty.png,blur/lady_liberty.BLUR.5.png,0.966
reference/lady_liberty.png,contrast/lady_liberty.contrast.1.png,0.092
reference/lady_liberty.png,contrast/lady_liberty.contrast.2.png,0.305
reference/lady_liberty.png,contrast/lady_liberty.contrast.3.png,0.641
reference/lake.png,awgn/lake.AWGN.1.png,0.022
reference/lake.png,awgn/lake.AWGN.2.png,0.137
reference/lake.png,awgn/lake.AWGN.3.png,0.295
reference/lake.png,awgn/lake.AWGN.4.png,0.437
reference/lake.png,awgn/lake.AWGN.5.png,0.536
reference/lake.png,jpeg/lake.JPEG.1.png,0.021
reference/lake.png,jpeg/lake.JPEG.2.png,0.079
reference/lake.png,jpeg/lake.JPEG.3.png,0.156
reference/lake.png,jpeg/lake.JPEG.4.png,0.429
reference/lake.png,jpeg/lake.JPEG.5.png,0.730
reference/lake.png,jpeg2000/lake.jpeg2000.1.png,0.065
reference/lake.png,jpeg2000/lake.jpeg2000.2.png,0.167
reference/lake.png,jpeg2000/lake.jpeg2000.3.png,0.248
reference/lake.png,jpeg2000/lake.jpeg2000.4.png,0.408
reference/lake.png,jpeg2000/lake.jpeg2000.5.png,0.682
reference/lake.png,fnoise/lake.fnoise.1.png,0.125
reference/lake.png,fnoise/lake.fnoise.2.png,0.290
reference/lake.png,fnoise/lake.fnoise.3.png,0.440
reference/lake.png,fnoise/lake.fnoise.4.png,0.571
reference/lake.png,fnoise/lake.fnoise.5.png,0.659
reference/lake.png,blur/lake.BLUR.1.png,0.074
reference/lake.png,blur/lake.BLUR.2.png,0.163
reference/lake.png,blur/lake.BLUR.3.png,0.296
reference/lake.png,blur/lake.BLUR.4.png,0.470
reference/lake.png,blur/lake.BLUR.5.png,0.655
reference/lake.png,contrast/lake.contrast.1.png,0.094
reference/lake.png,contrast/lake.contrast.2.png,0.265
reference/lake.png,contrast/lake.contrast.3.png,0.410
reference/lake.png,contrast/lake.contrast.4.png,0.506
reference/log_seaside.png,awgn/log_seaside.AWGN.1.png,0.000
reference/log_seaside.png,awgn/log_seaside.AWGN.2.png,0.057
reference/log_seaside.png,awgn/log_seaside.AWGN.3.png,0.132
reference/log_seaside.png,awgn/log_seaside.AWGN.4.png,0.267
reference/log_seaside.png,awgn/log_seaside.AWGN.5.png,0.442
reference/log_seaside.png,jpeg/log_seaside.JPEG.1.png,0.000
reference/log_seaside.png,jpeg/log_seaside.JPEG.2.png,0.009
reference/log_seaside.png,jpeg/log_seaside.JPEG.3.png,0.038
reference/log_seaside.png,jpeg/log_seaside.JPEG.4.png,0.269
reference/log_seaside.png,jpeg/log_seaside.JPEG.5.png,0.639
reference/log_seaside.png,jpeg2000/log_seaside.jpeg2000.1.png,0.000
reference/log_seaside.png,jpeg2000/log_seaside.jpeg2000.2.png,0.045
reference/log_seaside.png,jpeg2000/log_seaside.jpeg2000.3.png,0.160
reference/log_seaside.png,jpeg2000/log_seaside.jpeg2000.4.png,0.394
reference/log_seaside.png,jpeg2000/log_seaside.jpeg2000.5.png,0.693
reference/log_seaside.png,fnoise/log_seaside.fnoise.1.png,0.018
reference/log_seaside.png,fnoise/log_seaside.fnoise.2.png,0.143
reference/log_seaside.png,fnoise/log_seaside.fnoise.3.png,0.323
reference/log_seaside.png,fnoise/log_seaside.fnoise.4.png,0.518
reference/log_seaside.png,fnoise/log_seaside.fnoise.5.png,0.673
reference/log_seaside.png,blur/log_seaside.BLUR.1.png,0.013
reference/log_seaside.png,blur/log_seaside.BLUR.2.png,0.078
reference/log_seaside.png,blur/log_seaside.BLUR.3.png,0.207
reference/log_seaside.png,blur/log_seaside.BLUR.4.png,0.351
reference/log_seaside.png,blur/log_seaside.BLUR.5.png,0.590
reference/log_seaside.png,contrast/log_seaside.contrast.1.png,0.023
reference/log_seaside.png,contrast/log_seaside.contrast.2.png,0.157
reference/log_seaside.png,contrast/log_seaside.contrast.3.png,0.369
reference/log_seaside.png,contrast/log_seaside.contrast.4.png,0.458
reference/monument.png,awgn/monument.AWGN.1.png,0.012
reference/monument.png,awgn/monument.AWGN.2.png,0.081
reference/monument.png,awgn/monument.AWGN.3.png,0.183
reference/monument.png,awgn/monument.AWGN.4.png,0.325
reference/monument.png,awgn/monument.AWGN.5.png,0.468
reference/monument.png,jpeg/monument.JPEG.1.png,0.016
reference/monument.png,jpeg/monument.JPEG.2.png,0.063
reference/monument.png,jpeg/monument.JPEG.3.png,0.324
reference/monument.png,jpeg/monument.JPEG.4.png,0.568
reference/monument.png,jpeg/monument.JPEG.5.png,0.766
reference/monument.png,jpeg2000/monument.jpeg2000.1.png,0.015
reference/monument.png,jpeg2000/monument.jpeg2000.2.png,0.106
reference/monument.png,jpeg2000/monument.jpeg2000.3.png,0.381
reference/monument.png,jpeg2000/monument.jpeg2000.4.png,0.665
reference/monument.png,jpeg2000/monument.jpeg2000.5.png,0.821
reference/monument.png,fnoise/monument.fnoise.1.png,0.031
reference/monument.png,fnoise/monument.fnoise.2.png,0.208
reference/monument.png,fnoise/monument.fnoise.3.png,0.320
reference/monument.png,fnoise/monument.fnoise.4.png,0.514
reference/monument.png,fnoise/monument.fnoise.5.png,0.598
reference/monument.png,blur/monument.BLUR.1.png,0.048
reference/monument.png,blur/monument.BLUR.2.png,0.177
reference/monument.png,blur/monument.BLUR.3.png,0.359
reference/monument.png,blur/monument.BLUR.4.png,0.588
reference/monument.png,blur/monument.BLUR.5.png,0.790
reference/monument.png,contrast/monument.contrast.1.png,0.013
reference/monument.png,contrast/monument.contrast.2.png,0.142
reference/monument.png,contrast/monument.contrast.3.png,0.258
reference/monument.png,contrast/monument.contrast.4.png,0.323
reference/native_american.png,awgn/native_american.AWGN.1.png,0.040
reference/native_american.png,awgn/native_american.AWGN.2.png,0.069
reference/native_american.png,awgn/native_american.AWGN.3.png,0.224
reference/native_american.png,awgn/native_american.AWGN.4.png,0.401
reference/native_american.png,awgn/native_american.AWGN.5.png,0.476
reference/native_american.png,jpeg/native_american.JPEG.1.png,0.023
reference/native_american.png,jpeg/native_american.JPEG.2.png,0.092
reference/native_american.png,jpeg/native_american.JPEG.3.png,0.362
reference/native_american.png,jpeg/native_american.JPEG.4.png,0.699
reference/native_american.png,jpeg/native_american.JPEG.5.png,0.827
reference/native_american.png,jpeg2000/native_american.jpeg2000.1.png,0.055
reference/native_american.png,jpeg2000/native_american.jpeg2000.2.png,0.150
reference/native_american.png,jpeg2000/native_american.jpeg2000.3.png,0.373
reference/native_american.png,jpeg2000/native_american.jpeg2000.4.png,0.723
reference/native_american.png,jpeg2000/native_american.jpeg2000.5.png,0.887
reference/native_american.png,fnoise/native_american.fnoise.1.png,0.087
reference/native_american.png,fnoise/native_american.fnoise.2.png,0.254
reference/native_american.png,fnoise/native_american.fnoise.3.png,0.491
reference/native_american.png,fnoise/native_american.fnoise.4.png,0.618
reference/native_american.png,fnoise/native_american.fnoise.5.png,0.735
reference/native_american.png,blur/native_american.BLUR.1.png,0.035
reference/native_american.png,blur/native_american.BLUR.2.png,0.172
reference/native_american.png,blur/native_american.BLUR.3.png,0.365
reference/native_american.png,blur/native_american.BLUR.4.png,0.607
reference/native_american.png,blur/native_american.BLUR.5.png,0.868
reference/native_american.png,contrast/native_american.contrast.1.png,0.062
reference/native_american.png,contrast/native_american.contrast.2.png,0.224
reference/native_american.png,contrast/native_american.contrast.3.png,0.370
reference/native_american.png,contrast/native_american.contrast.4.png,0.459
reference/redwood.png,awgn/redwood.AWGN.1.png,0.051
reference/redwood.png,awgn/redwood.AWGN.2.png,0.188
reference/redwood.png,awgn/redwood.AWGN.3.png,0.323
reference/redwood.png,awgn/redwood.AWGN.4.png,0.432
reference/redwood.png,awgn/redwood.AWGN.5.png,0.545
reference/redwood.png,jpeg/redwood.JPEG.1.png,0.027
reference/redwood.png,jpeg/redwood.JPEG.2.png,0.099
reference/redwood.png,jpeg/redwood.JPEG.3.png,0.425
reference/redwood.png,jpeg/redwood.JPEG.4.png,0.745
reference/redwood.png,jpeg/redwood.JPEG.5.png,0.846
reference/redwood.png,jpeg2000/redwood.jpeg2000.1.png,0.032
reference/redwood.png,jpeg2000/redwood.jpeg2000.2.png,0.182
reference/redwood.png,jpeg2000/redwood.jpeg2000.3.png,0.434
reference/redwood.png,jpeg2000/redwood.jpeg2000.4.png,0.681
reference/redwood.png,jpeg2000/redwood.jpeg2000.5.png,0.886
reference/redwood.png,fnoise/redwood.fnoise.1.png,0.095
reference/redwood.png,fnoise/redwood.fnoise.2.png,0.310
reference/redwood.png,fnoise/redwood.fnoise.3.png,0.524
reference/redwood.png,fnoise/redwood.fnoise.4.png,0.653
reference/redwood.png,fnoise/redwood.fnoise.5.png,0.752
reference/redwood.png,blur/redwood.BLUR.1.png,0.088
reference/redwood.png,blur/redwood.BLUR.2.png,0.230
reference/redwood.png,blur/redwood.BLUR.3.png,0.381
reference/redwood.png,blur/redwood.BLUR.4.png,0.569
reference/redwood.png,blur/redwood.BLUR.5.png,0.846
reference/redwood.png,contrast/redwood.contrast.1.png,0.074
reference/redwood.png,contrast/redwood.contrast.2.png,0.198
reference/redwood.png,contrast/redwood.contrast.3.png,0.390
reference/redwood.png,contrast/redwood.contrast.4.png,0.471
reference/roping.png,awgn/roping.AWGN.1.png,0.003
reference/roping.png,awgn/roping.AWGN.2.png,0.105
reference/roping.png,awgn/roping.AWGN.3.png,0.185
reference/roping.png,awgn/roping.AWGN.4.png,0.382
reference/roping.png,awgn/roping.AWGN.5.png,0.513
reference/roping.png,jpeg/roping.JPEG.1.png,0.014
reference/roping.png,jpeg/roping.JPEG.2.png,0.075
reference/roping.png,jpeg/roping.JPEG.3.png,0.300
reference/roping.png,jpeg/roping.JPEG.4.png,0.599
reference/roping.png,jpeg/roping.JPEG.5.png,0.829
reference/roping.png,jpeg2000/roping.jpeg2000.1.png,0.017
reference/roping.png,jpeg2000/roping.jpeg2000.2.png,0.172
reference/roping.png,jpeg2000/roping.jpeg2000.3.png,0.364
reference/roping.png,jpeg2000/roping.jpeg2000.4.png,0.671
reference/roping.png,jpeg2000/roping.jpeg2000.5.png,0.910
reference/roping.png,fnoise/roping.fnoise.1.png,0.032
reference/roping.png,fnoise/roping.fnoise.2.png,0.139
reference/roping.png,fnoise/roping.fnoise.3.png,0.336
reference/roping.png,fnoise/roping.fnoise.4.png,0.513
reference/roping.png,fnoise/roping.fnoise.5.png,0.738
reference/roping.png,blur/roping.BLUR.1.png,0.034
reference/roping.png,blur/roping.BLUR.2.png,0.188
reference/roping.png,blur/roping.BLUR.3.png,0.471
reference/roping.png,blur/roping.BLUR.4.png,0.670
reference/roping.png,blur/roping.BLUR.5.png,0.880
reference/roping.png,contrast/roping.contrast.1.png,0.056
reference/roping.png,contrast/roping.contrast.2.png,0.192
reference/roping.png,contrast/roping.contrast.3.png,0.371
reference/roping.png,contrast/roping.contrast.4.png,0.450
reference/rushmore.png,awgn/rushmore.AWGN.1.png,0.032
reference/rushmore.png,awgn/rushmore.AWGN.2.png,0.131
reference/rushmore.png,awgn/rushmore.AWGN.3.png,0.259
reference/rushmore.png,awgn/rushmore.AWGN.4.png,0.382
reference/rushmore.png,awgn/rushmore.AWGN.5.png,0.513
reference/rushmore.png,jpeg/rushmore.JPEG.1.png,0.024
reference/rushmore.png,jpeg/rushmore.JPEG.2.png,0.043
reference/rushmore.png,jpeg/rushmore.JPEG.3.png,0.181
reference/rushmore.png,jpeg/rushmore.JPEG.4.png,0.537
reference/rushmore.png,jpeg/rushmore.JPEG.5.png,0.666
reference/rushmore.png,jpeg2000/rushmore.jpeg2000.1.png,0.018
reference/rushmore.png,jpeg2000/rushmore.jpeg2000.2.png,0.090
reference/rushmore.png,jpeg2000/rushmore.jpeg2000.3.png,0.306
reference/rushmore.png,jpeg2000/rushmore.jpeg2000.4.png,0.501
reference/rushmore.png,jpeg2000/rushmore.jpeg2000.5.png,0.754
reference/rushmore.png,fnoise/rushmore.fnoise.1.png,0.198
reference/rushmore.png,fnoise/rushmore.fnoise.2.png,0.297
reference/rushmore.png,fnoise/rushmore.fnoise.3.png,0.422
reference/rushmore.png,fnoise/rushmore.fnoise.4.png,0.547
reference/rushmore.png,fnoise/rushmore.fnoise.5.png,0.636
reference/rushmore.png,blur/rushmore.BLUR.1.png,0.011
reference/rushmore.png,blur/rushmore.BLUR.2.png,0.083
reference/rushmore.png,blur/rushmore.BLUR.3.png,0.242
reference/rushmore.png,blur/rushmore.BLUR.4.png,0.416
reference/rushmore.png,blur/rushmore.BLUR.5.png,0.658
reference/rushmore.png,contrast/rushmore.contrast.1.png,0.125
reference/rushmore.png,contrast/rushmore.contrast.2.png,0.290
reference/rushmore.png,contrast/rushmore.contrast.3.png,0.393
reference/rushmore.png,contrast/rushmore.contrast.4.png,0.506
reference/shroom.png,awgn/shroom.AWGN.1.png,0.031
reference/shroom.png,awgn/shroom.AWGN.2.png,0.136
reference/shroom.png,awgn/shroom.AWGN.3.png,0.237
reference/shroom.png,awgn/shroom.AWGN.4.png,0.355
reference/shroom.png,awgn/shroom.AWGN.5.png,0.463
reference/shroom.png,jpeg/shroom.JPEG.1.png,0.020
reference/shroom.png,jpeg/shroom.JPEG.2.png,0.125
reference/shroom.png,jpeg/shroom.JPEG.3.png,0.307
reference/shroom.png,jpeg/shroom.JPEG.4.png,0.663
reference/shroom.png,jpeg/shroom.JPEG.5.png,0.780
reference/shroom.png,jpeg2000/shroom.jpeg2000.1.png,0.004
reference/shroom.png,jpeg2000/shroom.jpeg2000.2.png,0.080
reference/shroom.png,jpeg2000/shroom.jpeg2000.3.png,0.391
reference/shroom.png,jpeg2000/shroom.jpeg2000.4.png,0.605
reference/shroom.png,jpeg2000/shroom.jpeg2000.5.png,0.837
reference/shroom.png,fnoise/shroom.fnoise.1.png,0.022
reference/shroom.png,fnoise/shroom.fnoise.2.png,0.180
reference/shroom.png,fnoise/shroom.fnoise.3.png,0.356
reference/shroom.png,fnoise/shroom.fnoise.4.png,0.575
reference/shroom.png,fnoise/shroom.fnoise.5.png,0.702
reference/shroom.png,blur/shroom.BLUR.1.png,0.046
reference/shroom.png,blur/shroom.BLUR.2.png,0.161
reference/shroom.png,blur/shroom.BLUR.3.png,0.395
reference/shroom.png,blur/shroom.BLUR.4.png,0.549
reference/shroom.png,blur/shroom.BLUR.5.png,0.769
reference/shroom.png,contrast/shroom.contrast.1.png,0.081
reference/shroom.png,contrast/shroom.contrast.2.png,0.184
reference/shroom.png,contrast/shroom.contrast.3.png,0.333
reference/shroom.png,contrast/shroom.contrast.4.png,0.410
reference/snow_leaves.png,awgn/snow_leaves.AWGN.1.png,0.019
reference/snow_leaves.png,awgn/snow_leaves.AWGN.2.png,0.063
reference/snow_leaves.png,awgn/snow_leaves.AWGN.3.png,0.212
reference/snow_leaves.png,awgn/snow_leaves.AWGN.4.png,0.293
reference/snow_leaves.png,awgn/snow_leaves.AWGN.5.png,0.434
reference/snow_leaves.png,jpeg/snow_leaves.JPEG.1.png,0.022
reference/snow_leaves.png,jpeg/snow_leaves.JPEG.2.png,0.060
reference/snow_leaves.png,jpeg/snow_leaves.JPEG.3.png,0.261
reference/snow_leaves.png,jpeg/snow_leaves.JPEG.4.png,0.555
reference/snow_leaves.png,jpeg/snow_leaves.JPEG.5.png,0.711
reference/snow_leaves.png,jpeg2000/snow_leaves.jpeg2000.1.png,0.004
reference/snow_leaves.png,jpeg2000/snow_leaves.jpeg2000.2.png,0.078
reference/snow_leaves.png,jpeg2000/snow_leaves.jpeg2000.3.png,0.187
reference/snow_leaves.png,jpeg2000/snow_leaves.jpeg2000.4.png,0.555
reference/snow_leaves.png,jpeg2000/snow_leaves.jpeg2000.5.png,0.757
reference/snow_leaves.png,fnoise/snow_leaves.fnoise.1.png,0.048
reference/snow_leaves.png,fnoise/snow_leaves.fnoise.2.png,0.225
reference/snow_leaves.png,fnoise/snow_leaves.fnoise.3.png,0.411
reference/snow_leaves.png,fnoise/snow_leaves.fnoise.4.png,0.536
reference/snow_leaves.png,fnoise/snow_leaves.fnoise.5.png,0.679
reference/snow_leaves.png,blur/snow_leaves.BLUR.1.png,0.020
reference/snow_leaves.png,blur/snow_leaves.BLUR.2.png,0.140
reference/snow_leaves.png,blur/snow_leaves.BLUR.3.png,0.300
reference/snow_leaves.png,blur/snow_leaves.BLUR.4.png,0.460
reference/snow_leaves.png,blur/snow_leaves.BLUR.5.png,0.696
reference/snow_leaves.png,contrast/snow_leaves.contrast.1.png,0.041
reference/snow_leaves.png,contrast/snow_leaves.contrast.2.png,0.221
reference/snow_leaves.png,contrast/snow_leaves.contrast.3.png,0.320
reference/snow_leaves.png,contrast/snow_leaves.contrast.4.png,0.379
reference/sunset_sparrow.png,awgn/sunset_sparrow.AWGN.1.png,0.042
reference/sunset_sparrow.png,awgn/sunset_sparrow.AWGN.2.png,0.179
reference/sunset_sparrow.png,awgn/sunset_sparrow.AWGN.3.png,0.326
reference/sunset_sparrow.png,awgn/sunset_sparrow.AWGN.4.png,0.458
reference/sunset_sparrow.png,awgn/sunset_sparrow.AWGN.5.png,0.549
reference/sunset_sparrow.png,jpeg/sunset_sparrow.JPEG.1.png,0.043
reference/sunset_sparrow.png,jpeg/sunset_sparrow.JPEG.2.png,0.117
reference/sunset_sparrow.png,jpeg/sunset_sparrow.JPEG.3.png,0.342
reference/sunset_sparrow.png,jpeg/sunset_sparrow.JPEG.4.png,0.722
reference/sunset_sparrow.png,jpeg/sunset_sparrow.JPEG.5.png,0.826
reference/sunset_sparrow.png,jpeg2000/sunset_sparrow.jpeg2000.1.png,0.058
reference/sunset_sparrow.png,jpeg2000/sunset_sparrow.jpeg2000.2.png,0.179
reference/sunset_sparrow.png,jpeg2000/sunset_sparrow.jpeg2000.3.png,0.391
reference/sunset_sparrow.png,jpeg2000/sunset_sparrow.jpeg2000.4.png,0.606
reference/sunset_sparrow.png,jpeg2000/sunset_sparrow.jpeg2000.5.png,0.889
reference/sunset_sparrow.png,fnoise/sunset_sparrow.fnoise.1.png,0.224
reference/sunset_sparrow.png,fnoise/sunset_sparrow.fnoise.2.png,0.369
reference/sunset_sparrow.png,fnoise/sunset_sparrow.fnoise.3.png,0.539
reference/sunset_sparrow.png,fnoise/sunset_sparrow.fnoise.4.png,0.607
reference/sunset_sparrow.png,fnoise/sunset_sparrow.fnoise.5.png,0.734
reference/sunset_sparrow.png,blur/sunset_sparrow.BLUR.1.png,0.087
reference/sunset_sparrow.png,blur/sunset_sparrow.BLUR.2.png,0.191
reference/sunset_sparrow.png,blur/sunset_sparrow.BLUR.3.png,0.307
reference/sunset_sparrow.png,blur/sunset_sparrow.BLUR.4.png,0.548
reference/sunset_sparrow.png,blur/sunset_sparrow.BLUR.5.png,0.846
reference/sunset_sparrow.png,contrast/sunset_sparrow.contrast.1.png,0.094
reference/sunset_sparrow.png,contrast/sunset_sparrow.contrast.2.png,0.260
reference/sunset_sparrow.png,contrast/sunset_sparrow.contrast.3.png,0.402
reference/sunset_sparrow.png,contrast/sunset_sparrow.contrast.4.png,0.465
reference/sunsetcolor.png,awgn/sunsetcolor.AWGN.1.png,0.039
reference/sunsetcolor.png,awgn/sunsetcolor.AWGN.2.png,0.206
reference/sunsetcolor.png,awgn/sunsetcolor.AWGN.3.png,0.302
reference/sunsetcolor.png,awgn/sunsetcolor.AWGN.4.png,0.409
reference/sunsetcolor.png,awgn/sunsetcolor.AWGN.5.png,0.515
reference/sunsetcolor.png,jpeg/sunsetcolor.JPEG.1.png,0.031
reference/sunsetcolor.png,jpeg/sunsetcolor.JPEG.2.png,0.436
reference/sunsetcolor.png,jpeg/sunsetcolor.JPEG.3.png,0.693
reference/sunsetcolor.png,jpeg/sunsetcolor.JPEG.4.png,0.885
reference/sunsetcolor.png,jpeg/sunsetcolor.JPEG.5.png,0.918
reference/sunsetcolor.png,jpeg2000/sunsetcolor.jpeg2000.1.png,0.024
reference/sunsetcolor.png,jpeg2000/sunsetcolor.jpeg2000.2.png,0.301
reference/sunsetcolor.png,jpeg2000/sunsetcolor.jpeg2000.3.png,0.655
reference/sunsetcolor.png,jpeg2000/sunsetcolor.jpeg2000.4.png,0.851
reference/sunsetcolor.png,jpeg2000/sunsetcolor.jpeg2000.5.png,1.000
reference/sunsetcolor.png,fnoise/sunsetcolor.fnoise.1.png,0.119
reference/sunsetcolor.png,fnoise/sunsetcolor.fnoise.2.png,0.339
reference/sunsetcolor.png,fnoise/sunsetcolor.fnoise.3.png,0.531
reference/sunsetcolor.png,fnoise/sunsetcolor.fnoise.4.png,0.617
reference/sunsetcolor.png,fnoise/sunsetcolor.fnoise.5.png,0.721
reference/sunsetcolor.png,blur/sunsetcolor.BLUR.1.png,0.073
reference/sunsetcolor.png,blur/sunsetcolor.BLUR.2.png,0.309
reference/sunsetcolor.png,blur/sunsetcolor.BLUR.3.png,0.726
reference/sunsetcolor.png,blur/sunsetcolor.BLUR.4.png,0.963
reference/sunsetcolor.png,blur/sunsetcolor.BLUR.5.png,0.999
reference/sunsetcolor.png,contrast/sunsetcolor.contrast.1.png,0.052
reference/sunsetcolor.png,contrast/sunsetcolor.contrast.2.png,0.131
reference/sunsetcolor.png,contrast/sunsetcolor.contrast.3.png,0.273
reference/sunsetcolor.png,contrast/sunsetcolor.contrast.4.png,0.413
reference/swarm.png,awgn/swarm.AWGN.1.png,0.035
reference/swarm.png,awgn/swarm.AWGN.2.png,0.166
reference/swarm.png,awgn/swarm.AWGN.3.png,0.322
reference/swarm.png,awgn/swarm.AWGN.4.png,0.419
reference/swarm.png,awgn/swarm.AWGN.5.png,0.577
reference/swarm.png,jpeg/swarm.JPEG.1.png,0.047
reference/swarm.png,jpeg/swarm.JPEG.2.png,0.369
reference/swarm.png,jpeg/swarm.JPEG.3.png,0.714
reference/swarm.png,jpeg/swarm.JPEG.4.png,0.776
reference/swarm.png,jpeg/swarm.JPEG.5.png,0.891
reference/swarm.png,jpeg2000/swarm.jpeg2000.1.png,0.033
reference/swarm.png,jpeg2000/swarm.jpeg2000.2.png,0.313
reference/swarm.png,jpeg2000/swarm.jpeg2000.3.png,0.572
reference/swarm.png,jpeg2000/swarm.jpeg2000.4.png,0.837
reference/swarm.png,jpeg2000/swarm.jpeg2000.5.png,0.967
reference/swarm.png,fnoise/swarm.fnoise.1.png,0.072
reference/swarm.png,fnoise/swarm.fnoise.2.png,0.366
reference/swarm.png,fnoise/swarm.fnoise.3.png,0.586
reference/swarm.png,fnoise/swarm.fnoise.4.png,0.697
reference/swarm.png,fnoise/swarm.fnoise.5.png,0.816
reference/swarm.png,blur/swarm.BLUR.1.png,0.075
reference/swarm.png,blur/swarm.BLUR.2.png,0.293
reference/swarm.png,blur/swarm.BLUR.3.png,0.559
reference/swarm.png,blur/swarm.BLUR.4.png,0.818
reference/swarm.png,blur/swarm.BLUR.5.png,0.963
reference/swarm.png,contrast/swarm.contrast.1.png,0.091
reference/swarm.png,contrast/swarm.contrast.2.png,0.315
reference/swarm.png,contrast/swarm.contrast.3.png,0.625
reference/trolley.png,awgn/trolley.AWGN.1.png,0.029
reference/trolley.png,awgn/trolley.AWGN.2.png,0.090
reference/trolley.png,awgn/trolley.AWGN.3.png,0.220
reference/trolley.png,awgn/trolley.AWGN.4.png,0.342
reference/trolley.png,awgn/trolley.AWGN.5.png,0.450
reference/trolley.png,jpeg/trolley.JPEG.1.png,0.026
reference/trolley.png,jpeg/trolley.JPEG.2.png,0.057
reference/trolley.png,jpeg/trolley.JPEG.3.png,0.168
reference/trolley.png,jpeg/trolley.JPEG.4.png,0.578
reference/trolley.png,jpeg/trolley.JPEG.5.png,0.727
reference/trolley.png,jpeg2000/trolley.jpeg2000.1.png,0.036
reference/trolley.png,jpeg2000/trolley.jpeg2000.2.png,0.164
reference/trolley.png,jpeg2000/trolley.jpeg2000.3.png,0.350
reference/trolley.png,jpeg2000/trolley.jpeg2000.4.png,0.533
reference/trolley.png,jpeg2000/trolley.jpeg2000.5.png,0.764
reference/trolley.png,fnoise/trolley.fnoise.1.png,0.067
reference/trolley.png,fnoise/trolley.fnoise.2.png,0.294
reference/trolley.png,fnoise/trolley.fnoise.3.png,0.432
reference/trolley.png,fnoise/trolley.fnoise.4.png,0.586
reference/trolley.png,fnoise/trolley.fnoise.5.png,0.701
reference/trolley.png,blur/trolley.BLUR.1.png,0.036
reference/trolley.png,blur/trolley.BLUR.2.png,0.115
reference/trolley.png,blur/trolley.BLUR.3.png,0.230
reference/trolley.png,blur/trolley.BLUR.4.png,0.407
reference/trolley.png,blur/trolley.BLUR.5.png,0.606
reference/trolley.png,contrast/trolley.contrast.1.png,0.056
reference/trolley.png,contrast/trolley.contrast.2.png,0.215
reference/trolley.png,contrast/trolley.contrast.3.png,0.433
reference/trolley.png,contrast/trolley.contrast.4.png,0.497
reference/turtle.png,awgn/turtle.AWGN.1.png,0.020
reference/turtle.png,awgn/turtle.AWGN.2.png,0.119
reference/turtle.png,awgn/turtle.AWGN.3.png,0.199
reference/turtle.png,awgn/turtle.AWGN.4.png,0.329
reference/turtle.png,awgn/turtle.AWGN.5.png,0.436
reference/turtle.png,jpeg/turtle.JPEG.1.png,0.015
reference/turtle.png,jpeg/turtle.JPEG.2.png,0.129
reference/turtle.png,jpeg/turtle.JPEG.3.png,0.488
reference/turtle.png,jpeg/turtle.JPEG.4.png,0.690
reference/turtle.png,jpeg/turtle.JPEG.5.png,0.775
reference/turtle.png,jpeg2000/turtle.jpeg2000.1.png,0.002
reference/turtle.png,jpeg2000/turtle.jpeg2000.2.png,0.162
reference/turtle.png,jpeg2000/turtle.jpeg2000.3.png,0.532
reference/turtle.png,jpeg2000/turtle.jpeg2000.4.png,0.802
reference/turtle.png,jpeg2000/turtle.jpeg2000.5.png,0.984
reference/turtle.png,fnoise/turtle.fnoise.1.png,0.039
reference/turtle.png,fnoise/turtle.fnoise.2.png,0.173
reference/turtle.png,fnoise/turtle.fnoise.3.png,0.345
reference/turtle.png,fnoise/turtle.fnoise.4.png,0.538
reference/turtle.png,fnoise/turtle.fnoise.5.png,0.653
reference/turtle.png,blur/turtle.BLUR.1.png,0.060
reference/turtle.png,blur/turtle.BLUR.2.png,0.235
reference/turtle.png,blur/turtle.BLUR.3.png,0.518
reference/turtle.png,blur/turtle.BLUR.4.png,0.747
reference/turtle.png,blur/turtle.BLUR.5.png,0.933
reference/turtle.png,contrast/turtle.contrast.1.png,0.079
reference/turtle.png,contrast/turtle.contrast.2.png,0.199
reference/turtle.png,contrast/turtle.contrast.3.png,0.407
reference/turtle.png,contrast/turtle.contrast.4.png,0.554
reference/veggies.png,awgn/veggies.AWGN.1.png,0.018
reference/veggies.png,awgn/veggies.AWGN.2.png,0.098
reference/veggies.png,awgn/veggies.AWGN.3.png,0.214
reference/veggies.png,awgn/veggies.AWGN.4.png,0.347
reference/veggies.png,awgn/veggies.AWGN.5.png,0.472
reference/veggies.png,jpeg/veggies.JPEG.1.png,0.038
reference/veggies.png,jpeg/veggies.JPEG.2.png,0.108
reference/veggies.png,jpeg/veggies.JPEG.3.png,0.229
reference/veggies.png,jpeg/veggies.JPEG.4.png,0.590
reference/veggies.png,jpeg/veggies.JPEG.5.png,0.730
reference/veggies.png,jpeg2000/veggies.jpeg2000.1.png,0.045
reference/veggies.png,jpeg2000/veggies.jpeg2000.2.png,0.114
reference/veggies.png,jpeg2000/veggies.jpeg2000.3.png,0.317
reference/veggies.png,jpeg2000/veggies.jpeg2000.4.png,0.548
reference/veggies.png,jpeg2000/veggies.jpeg2000.5.png,0.772
reference/veggies.png,fnoise/veggies.fnoise.1.png,0.065
reference/veggies.png,fnoise/veggies.fnoise.2.png,0.203
reference/veggies.png,fnoise/veggies.fnoise.3.png,0.371
reference/veggies.png,fnoise/veggies.fnoise.4.png,0.600
reference/veggies.png,fnoise/veggies.fnoise.5.png,0.683
reference/veggies.png,blur/veggies.BLUR.1.png,0.056
reference/veggies.png,blur/veggies.BLUR.2.png,0.206
reference/veggies.png,blur/veggies.BLUR.3.png,0.349
reference/veggies.png,blur/veggies.BLUR.4.png,0.521
reference/veggies.png,blur/veggies.BLUR.5.png,0.719
reference/veggies.png,contrast/veggies.contrast.1.png,0.056
reference/veggies.png,contrast/veggies.contrast.2.png,0.203
reference/veggies.png,contrast/veggies.contrast.3.png,0.332
reference/veggies.png,contrast/veggies.contrast.4.png,0.385
reference/woman.png,awgn/woman.AWGN.1.png,0.052
reference/woman.png,awgn/woman.AWGN.2.png,0.197
reference/woman.png,awgn/woman.AWGN.3.png,0.289
reference/woman.png,awgn/woman.AWGN.4.png,0.409
reference/woman.png,awgn/woman.AWGN.5.png,0.490
reference/woman.png,jpeg/woman.JPEG.1.png,0.031
reference/woman.png,jpeg/woman.JPEG.2.png,0.119
reference/woman.png,jpeg/woman.JPEG.3.png,0.348
reference/woman.png,jpeg/woman.JPEG.4.png,0.621
reference/woman.png,jpeg/woman.JPEG.5.png,0.783
reference/woman.png,jpeg2000/woman.jpeg2000.1.png,0.042
reference/woman.png,jpeg2000/woman.jpeg2000.2.png,0.122
reference/woman.png,jpeg2000/woman.jpeg2000.3.png,0.403
reference/woman.png,jpeg2000/woman.jpeg2000.4.png,0.641
reference/woman.png,jpeg2000/woman.jpeg2000.5.png,0.897
reference/woman.png,fnoise/woman.fnoise.1.png,0.099
reference/woman.png,fnoise/woman.fnoise.2.png,0.262
reference/woman.png,fnoise/woman.fnoise.3.png,0.490
reference/woman.png,fnoise/woman.fnoise.4.png,0.638
reference/woman.png,fnoise/woman.fnoise.5.png,0.742
reference/woman.png,blur/woman.BLUR.1.png,0.086
reference/woman.png,blur/woman.BLUR.2.png,0.198
reference/woman.png,blur/woman.BLUR.3.png,0.420
reference/woman.png,blur/woman.BLUR.4.png,0.616
reference/woman.png,blur/woman.BLUR.5.png,0.834
reference/woman.png,contrast/woman.contrast.1.png,0.068
reference/woman.png,contrast/woman.contrast.2.png,0.173
reference/woman.png,contrast/woman.contrast.3.png,0.409
reference/woman.png,contrast/woman.contrast.4.png,0.469
